UniqueID,Location,LocalID,Inbreeding,BirthDate,DeathDate,AgeDays
15,JERSEY,B716,0,08/08/1977,14/06/1988,3963
16,JERSEY,B1240,0,17/08/1977,29/08/1977,12
19,JERSEY,B1241,0,22/03/1978,23/03/1978,1
20,JERSEY,B1242,0,28/03/1978,30/03/1978,2
21,JERSEY,B1243,0,22/04/1978,24/04/1978,2
22,JERSEY,B2615,0,17/05/1978,23/07/1993,5546
23,JERSEY,B566,0,31/05/1978,19/12/1986,3124
24,BLACKRIVE,32,0,31/05/1978,07/05/1982,1437
25,PAIGNTON,379,0,10/06/1978,11/04/1989,3958
26,JERSEY,B573,0,01/07/1978,09/09/1980,801
27,CHARD,MPP1,0,23/07/1978,01/01/1990,4180
29,JERSEY,B717,0,15/08/1978,26/09/1996,6617
30,JERSEY,B576,0,20/09/1978,08/11/1987,3336
31,JERSEY,B1244,0,22/09/1978,22/09/1978,0
33,BLACKRIVE,31,0,23/09/1978,11/06/1982,1357
35,BLACKRIVE,20,0,10/12/1978,18/10/1983,1773
36,WALSRODE,______,0,16/05/1979,28/06/1985,2235
38,JERSEY,B616,0,16/07/1979,28/03/1996,6100
39,J.E.COOPE,NONE,0,26/07/1979,28/05/1987,2863
43,JERSEY,B1245,0,25/08/1979,31/08/1979,6
45,BLACKRIVE,30,0,10/09/1979,14/06/1981,643
46,JERSEY,B657,0,14/09/1979,09/07/1982,1029
55,JERSEY,B718,0,05/02/1980,31/12/1985,2156
68,JERSEY,B1246,0,26/06/1980,27/06/1980,1
69,BLACKRIVE,54,0,03/07/1980,09/09/1982,798
71,JURONG,J37,0,28/07/1980,01/01/1993,4540
74,JERSEY,B719,0,12/10/1980,23/02/1984,1229
75,BLACKRIVE,61,0,13/10/1980,19/10/1983,1101
81,BLACKRIVE,67,0,11/12/1980,21/02/1982,437
83,JERSEY,B720,0,30/01/1981,21/07/1984,1268
85,JERSEY,B758,0,20/02/1982,18/03/1985,1122
87,JERSEY,B721,0,15/04/1981,09/09/1987,2338
91,JURONG,J38,0,21/06/1981,01/01/1993,4212
92,JERSEY,B1247,0,23/06/1981,26/06/1981,3
96,JERSEY,B1248,0,28/07/1981,29/07/1981,1
97,BLACKRIVE,120,0,29/07/1981,16/05/1982,291
98,JERSEY,B1249,0,04/08/1981,05/08/1981,1
99,BLACKRIVE,80,0,17/08/1981,30/04/1986,1717
100,BLACKRIVE,81,0,21/08/1981,21/08/1981,0
101,BLACKRIVE,121,0,23/08/1981,20/01/1986,1611
102,JERSEY,B730,0,25/08/1981,11/09/1983,747
105,JERSEY,B1250,0,04/09/1981,05/09/1981,1
111,JERSEY,B1251,0,25/09/1981,24/10/1981,29
112,BLACKRIVE,122,0,28/09/1981,12/08/1984,1049
114,JERSEY,B2361,0,11/10/1981,27/06/1994,4642
122,NY BRONX,822139,0,09/11/1981,26/03/1984,868
126,BLACKRIVE,123,0,24/11/1981,16/05/1982,173
127,JERSEY,B1252,0,24/11/1981,04/12/1981,10
128,BLACKRIVE,124,0,15/12/1981,03/11/1985,1419
129,JERSEY,B1253,0,17/12/1981,18/12/1981,1
135,NY BRONX,822137,0,01/02/1982,28/04/1987,1912
136,ST LOUIS,920106,0,03/02/1982,11/03/1993,4054
140,JERSEY,B1254,0,06/04/1982,13/04/1982,7
141,PAIGNTON,1551,0,08/05/1982,14/06/1992,3690
142,JERSEY,B1255,0,08/05/1982,15/05/1982,7
143,TWYCROSS,B222,0,13/05/1982,08/01/2001,6815
144,JERSEY,B763,0,13/05/1982,04/09/1988,2306
145,JERSEY,B767,0,10/06/1982,12/09/1982,94
148,ST LOUIS,186167,0,25/07/1982,30/08/1988,2228
155,JERSEY,B2360,0,22/09/1982,05/10/1991,3300
160,JERSEY,B849,0,05/01/1983,23/08/1984,596
161,JERSEY,B2617,0.0625,26/01/1983,07/08/1995,4576
163,JERSEY,B1256,0,22/03/1983,23/03/1983,1
164,JERSEY,B1257,0,02/04/1983,05/04/1983,3
167,JERSEY,B850,0,18/04/1983,23/08/1984,493
168,JERSEY,B1258,0.0625,27/04/1983,28/04/1983,1
169,JERSEY,B1259,0.0625,02/05/1983,04/05/1983,2
170,JERSEY,B1260,0.0625,03/05/1983,05/05/1983,2
171,JERSEY,B1261,0,12/05/1983,10/06/1983,29
172,JERSEY,B1262,0.0625,18/05/1983,26/05/1983,8
173,JERSEY,B1263,0,04/06/1983,13/06/1983,9
174,BLACKRIVE,______,0,11/06/1983,28/01/1994,3884
177,JERSEY,B1264,0.0625,04/07/1983,07/07/1983,3
178,PLAINE LI,______,0,05/07/1983,14/10/1989,2293
179,JERSEY,B1265,0,13/07/1983,18/08/1983,36
180,JERSEY,B1266,0,13/07/1983,15/07/1983,2
183,JERSEY,B1267,0,29/07/1983,29/07/1983,0
184,JERSEY,B1268,0.0625,31/07/1983,28/08/1983,28
185,PAIGNTON,1548,0,05/08/1983,17/10/2005,8109
188,PAIGNTON,378,0.0625,24/09/1983,18/09/1994,4012
189,JERSEY,B1269,0.0625,10/09/1983,12/09/1983,2
191,J.E.COOPE,NONE,0,19/09/1983,28/05/1987,1347
192,LOTHERTON,EX0031,0.0625,26/09/1983,08/06/2000,6100
193,JERSEY,B1270,0,28/09/1983,03/10/1983,5
199,HOGLE,980061,0.0625,31/10/1983,29/01/2000,5934
200,JERSEY,B1271,0.0625,01/11/1983,21/11/1983,20
201,JERSEY,B1272,0,11/11/1983,15/11/1983,4
202,JERSEY,B1273,0.0625,14/11/1983,16/11/1983,2
206,BLACKRIVE,132,0,05/12/1983,31/08/1984,270
207,JERSEY,B1274,0.125,17/12/1983,17/12/1983,0
211,JERSEY,B1275,0.0625,23/12/1983,30/12/1983,7
212,JERSEY,B1276,0.0625,24/12/1983,30/12/1983,6
224,CHESTER,2632,0,07/07/1984,28/12/1989,2000
225,JERSEY,B1277,0,07/07/1984,11/07/1984,4
226,JERSEY,B1278,0.0625,07/07/1984,14/07/1984,7
227,JERSEY,B1279,0,09/07/1984,11/07/1984,2
228,JERSEY,B1280,0.0625,01/08/1984,02/08/1984,1
230,JERSEY,B1281,0.0625,09/08/1984,11/08/1984,2
233,PLAINE LI,______,0,01/09/1984,12/04/1992,2780
238,BLACKRIVE,144,0,13/09/1984,17/03/1989,1646
241,JERSEY,B2618,0.125,01/10/1984,27/01/1995,3770
249,JERSEY,B1282,0.0625,21/12/1984,27/12/1984,6
251,BLACKRIVE,353,0,03/02/1985,17/03/1989,1503
252,BLACKRIVE,354,0,14/02/1985,01/10/1990,2055
253,JERSEY,B1283,0.0625,24/02/1985,26/02/1985,2
256,JERSEY,B1067,0.0625,30/03/1985,29/04/1985,30
257,JERSEY,B1284,0.0625,31/03/1985,02/04/1985,2
259,JERSEY,B1068,0.0625,08/04/1985,25/03/1987,716
260,JERSEY,B1069,0.0625,09/04/1985,19/05/1985,40
264,J.E.COOPE,NONE,0,01/05/1985,28/05/1987,757
265,JERSEY,B1285,0.0625,05/05/1985,06/05/1985,1
266,JERSEY,B1090,0.0625,08/05/1985,25/03/1990,1782
272,HOUSTON,6497,0.125,12/07/1985,10/02/1989,1309
274,BROWNSVIL,5518,0.1094,15/07/1985,12/07/2001,5841
276,JERSEY,B1155,0.0625,05/09/1985,01/11/1985,57
282,JERSEY,B1435,0,28/09/1985,17/06/1987,627
287,BLACKRIVE,368,0,16/11/1985,24/10/1988,1073
290,JERSEY,B1436,0,23/11/1985,23/05/1987,546
293,CHESTER,2961,0.0313,04/01/1986,12/06/1989,1255
300,JERSEY,B1446,0.0625,08/06/1986,12/06/1986,4
301,JERSEY,B1410,0.0625,10/06/1986,10/06/1986,0
302,JERSEY,B1442,0.0625,15/06/1986,07/01/1988,571
304,CHESTER,3633,0.0625,25/06/1986,19/03/1993,2459
305,JERSEY,B1447,0.0625,13/07/1986,29/07/1986,16
307,JERSEY,B1487,0.0625,14/08/1986,16/08/1986,2
308,CHESTER,4047,0.125,16/08/1986,31/12/1993,2694
309,JERSEY,B1493,0.125,17/08/1986,18/08/1986,1
310,JERSEY,B1499,0.0625,04/09/1986,14/10/1986,40
319,BLACKRIVE,384,0.0781,26/10/1986,15/03/1993,2332
331,LEEDS,95/035,0.2813,27/04/1987,02/12/1999,4602
334,JERSEY,B1778,0.125,16/07/1987,23/07/1987,7
335,CHESTER,3634,0.125,16/07/1987,23/03/1991,1346
337,CHESTER,4226,0.0625,25/07/1987,29/05/1998,3961
338,PITTS CA,4195,0.1016,05/08/1987,14/11/1999,4484
342,JERSEY,B1793,0.1016,02/09/1987,12/02/1989,529
344,JERSEY,B1799,0.1016,19/09/1987,26/09/1987,7
345,PAIGNTON,1253,0.0625,19/09/1987,04/05/2004,6072
346,JERSEY,B1803,0.1016,29/09/1987,06/10/1987,7
348,BLACKRIVE,______,0.1016,20/10/1987,25/10/1992,1832
349,PAIGNTON,1255,0.1016,21/10/1987,21/10/1989,731
350,JERSEY,B1822,0.125,28/10/1987,01/11/1987,4
351,JERSEY,B1825,0.1016,09/11/1987,29/11/1987,20
352,JERSEY,B2616,0.2109,12/11/1987,21/10/1996,3266
353,WALSRODE,______,0.1016,19/11/1987,31/10/1991,1442
356,EVANSVLLE,294053,0.1016,09/02/1988,08/10/1997,3529
357,PAIGNTON,1549,0.1016,19/02/1988,01/04/1992,1503
362,JERSEY,B1874,0.1016,30/04/1988,30/04/1988,0
363,JERSEY,B1877,0.1016,02/05/1988,11/05/1988,9
364,BLACKRIVE,______,0.1016,11/05/1988,19/05/1990,738
365,JERSEY,B1924,0.1016,28/05/1988,04/05/1989,341
366,WALSRODE,______,0.1016,04/06/1988,04/01/1991,944
367,JERSEY,B1971,0.1016,14/06/1988,15/04/1990,670
368,CHESTER,3865,0.1016,26/06/1988,09/04/1997,3209
373,CHARD,MPP3,0.125,07/08/1988,12/01/1992,1253
375,BROWNSVIL,6265,0.1914,21/08/1988,12/01/2002,4892
376,NY BRONX,902090,0.125,03/09/1988,21/05/1990,625
377,JERSEY,B2062,0.125,04/09/1988,04/09/1988,0
378,PAULTONSP,378,0.1914,12/09/1988,03/12/1998,3734
379,JERSEY,B2082,0.2813,12/09/1988,13/09/1988,1
380,JERSEY,B2083,0.2813,12/09/1988,13/09/1988,1
383,BLACKRIVE,408,0.1641,30/09/1988,31/12/1990,822
385,JERSEY,B2079,0.1914,25/10/1988,27/10/1988,2
386,BLACKRIVE,410,0.0781,06/11/1988,21/10/1989,349
387,PAIGNTON,1254,0.125,06/11/1988,24/09/1989,322
396,CHARD,MPP5,0.1992,05/02/1989,16/06/1990,496
397,PAIGNTON,2468,0.1484,22/02/1989,01/01/2004,5426
398,PAIGNTON,1550,0.125,05/03/1989,25/08/1991,903
399,JERSEY,B2140,0.1484,08/03/1989,31/03/1989,23
400,CLERES,C99017,0.1484,14/03/1989,22/07/2000,4148
401,JERSEY,B2150,0.125,18/04/1989,01/05/1989,13
402,HAYLE,S457,0.0625,07/05/1989,16/10/1990,527
403,JERSEY,B2173,0.0625,10/05/1989,22/05/1989,12
404,TWYCROSS,3239,0.0625,21/05/1989,06/03/2000,3942
405,CHESTER,4049,0,13/06/1989,21/11/1990,526
406,ANTWERP,11857C,0,14/06/1989,09/02/2003,4988
408,JERSEY,B2279,0.0625,23/06/1989,04/08/1989,42
409,FARNHAM,5699,0.0625,01/07/1989,08/09/2010,7739
410,ALPHEN,3107,0,08/07/1989,02/02/1994,1670
411,JERSEY,B2306,0.0625,14/07/1989,16/07/1989,2
412,JURONG,J42,0,10/07/1989,01/01/2001,4193
413,MEMPHIS,14350,0.1953,11/08/1989,02/12/1998,3400
414,HAYLE,S460,0.1953,13/08/1989,11/03/1998,3132
415,BROWNSVIL,5623,0.0625,08/08/1989,12/05/1994,1738
416,LAKELND O,B28,0.0625,09/08/1989,13/10/2005,5909
417,HAYLE,S788,0.1953,19/09/1989,20/04/1998,3135
418,JERSEY,B2345,0.1953,20/09/1989,22/09/1989,2
419,CASELA,______,0,09/10/1989,17/07/1991,646
421,BLACKRIVE,______,0.1953,21/11/1989,19/05/1990,179
422,JERSEY,B2356,0.2578,27/11/1989,08/08/1990,254
423,JERSEY,B2357,0.3242,02/12/1989,05/12/1989,3
424,JERSEY,B2362,0.3242,18/12/1989,21/06/1990,185
425,JERSEY,B2363,0.3242,20/12/1989,16/05/1990,147
426,CHESTER,3300A,0.0625,02/08/1988,09/08/1988,7
557,CHARD,587,0.125,29/09/1988,15/10/1997,3303
581,JERSEY,B3065,0.0156,30/03/1989,07/09/1994,1987
583,JERSEY,B3865,0.2266,03/11/1989,07/05/1997,2742
589,JERSEY,B3849,0,02/01/1990,05/11/1998,3229
590,JERSEY,B3850,0,28/01/1990,08/06/2000,3784
591,ALPHEN,5633,0.1992,01/02/1990,08/02/1999,3294
592,JERSEY,B3063,0,07/02/1990,02/03/2001,4041
593,JERSEY,B3851,0,08/02/1990,06/02/2002,4381
594,BLACKRIVE,459,0.1992,09/02/1990,19/05/1990,99
595,JERSEY,B2366,0.1992,17/02/1990,19/02/1990,2
596,KRAAIFONT,950283,0.1992,01/03/1990,19/12/1995,2119
597,BLACKRIVE,460,0.1992,04/03/1990,19/05/1990,76
599,BLACKRIVE,461,0.126,12/03/1990,19/05/1990,68
600,KRAAIFONT,950286,0.1992,16/03/1990,20/03/2000,3657
601,LAKELND O,B35,0.1973,19/03/1990,26/07/1997,2686
602,BLACKRIVE,462,0.126,26/03/1990,19/05/1990,54
603,ANTWERP,11857D,0.1973,31/03/1990,16/10/2003,4947
604,JERSEY,B2380,0.1973,02/04/1990,18/04/1990,16
605,JERSEY,B2381,0.126,06/04/1990,08/04/1990,2
606,JERSEY,B2382,0.126,07/04/1990,08/04/1990,1
608,CHESTER,4803,0.1992,14/04/1990,21/06/1993,1164
610,JERSEY,B3852,0,30/04/1990,07/01/2002,4270
611,UNKNOWN,PP2,0.126,08/05/1990,01/02/1999,3191
612,ALPHEN,5632,0.126,12/05/1990,12/12/1997,2771
613,BRISTOL,7660,0.126,26/05/1990,03/02/2003,4636
615,JERSEY,B2498,0.1348,11/06/1990,04/07/1992,754
619,ANTWERP,11857B,0.1348,14/06/1990,08/02/1995,1700
622,JERSEY,B2529,0.1348,26/06/1990,31/08/1990,66
623,AVIORNIS,______,0.0215,29/06/1990,16/11/1996,2332
624,LOTHERTON,EX0006,0.0215,30/06/1990,20/05/1996,2151
625,ANTWERP,11857F,0.126,07/07/1990,21/10/1997,2663
626,CHESTER,4094,0.1016,08/07/1990,05/08/1990,28
627,JERSEY,B2552,0.0215,09/07/1990,21/07/1991,377
629,BELFAST,995,0.1348,16/07/1990,23/12/1994,1621
630,ROTTERDAM,403427,0.0215,20/07/1990,11/07/1996,2183
631,JERSEY,B2586,0.0215,30/07/1990,20/01/1993,905
632,ANTWERP,11857E,0,05/08/1990,18/05/1993,1017
633,ANTWERP,11857A,0.0215,10/08/1990,28/09/1994,1510
634,CHESTER,4132,0.126,11/08/1990,16/08/1990,5
635,ALPHEN,3108,0.0215,22/08/1990,18/12/1998,3040
636,ANTWERP,12662B,0.0215,06/09/1990,10/12/1999,3382
637,JERSEY,B2608,0.0215,08/09/1990,12/09/1990,4
638,JERSEY,B2630,0.0215,17/09/1990,14/12/1996,2280
639,JERSEY,B2621,0,25/09/1990,25/09/1990,0
640,JERSEY,B2623,0.0137,30/09/1990,02/10/1990,2
642,JERSEY,B3064,0.0137,13/10/1990,08/11/1994,1487
645,BELFAST,2006,0,19/10/1990,25/10/1997,2563
646,HOUSTON,15037,0,20/10/1990,02/09/2000,3605
660,ST LOUIS,940440,0,23/03/1991,23/06/1998,2649
662,JERSEY,B2682,0.1396,18/04/1991,21/06/1991,64
663,LEEDS,92/210,0.0422,21/04/1991,12/02/1993,663
664,JERSEY,B2688,0.0625,24/04/1991,18/08/1994,1212
667,PUBLIC,______,0.0625,16/05/1991,06/01/1999,2792
670,ALPHEN,3106,0.1396,19/06/1991,08/12/1993,903
671,JERSEY,B2762,0.0708,22/06/1991,23/06/1991,1
673,ROTTERDAM,403683,0.0625,28/06/1991,25/09/2006,5568
674,NY BRONX,942042,0.0625,28/06/1991,12/05/1994,1049
675,JERSEY,B2805,0.0708,14/07/1991,10/09/1991,58
676,LEEDS,93/233,0.0708,17/07/1991,20/04/1994,1008
677,TWYCROSS,B225,0.1431,02/08/1991,01/01/1997,1979
678,CHARD,MPP8,0.3125,05/08/1991,08/08/1991,3
679,CHESTER,4778,0.1392,06/08/1991,01/03/2001,3495
680,LOTHERTON,EX0029,0.0918,11/08/1991,08/06/2000,3224
681,SD-WAP,806054,0.1396,12/08/1991,27/04/2006,5372
682,PAIGNTON,2148,0.0791,13/08/1991,18/08/1998,2562
683,TWYCROSS,B224,0.1431,15/08/1991,10/01/1999,2705
684,JERSEY,B2853,0.1431,30/08/1991,30/08/1991,0
685,CHESTER,940096,0.1431,09/09/1991,24/08/1994,1080
686,CHARD,MPP9,0.3125,12/09/1991,13/09/1991,1
687,JERSEY,B2860,0.1431,28/09/1991,29/10/1991,31
692,JERSEY,B2871,0.0625,29/01/1992,02/02/1992,4
694,LEEDS,93/230,0.0625,05/02/1992,04/01/1994,699
695,JERSEY,B2873,0.0625,07/02/1992,16/02/1992,9
696,HOUSTON,15036,0.0625,13/02/1992,25/05/1994,832
697,JERSEY,B2875,0.0625,22/02/1992,04/04/1992,42
698,MEMPHIS,14351,0.0625,03/03/1992,29/04/1994,787
699,MOODY,3092,0.0625,12/03/1992,25/09/2008,6041
700,JERSEY,B2884,0.1,26/03/1992,18/04/1992,23
701,JERSEY,B2886,0.1095,29/03/1992,07/04/1992,9
702,LEEDS,93/232,0.1095,06/04/1992,12/09/1994,889
703,BROWNSVIL,5622,0.1,15/04/1992,30/05/1994,775
704,LEEDS,96/092,0.1,16/04/1992,06/10/1998,2364
705,JERSEY,B2899,0.1312,22/04/1992,22/04/1992,0
707,KOLN,B2473,0.0718,30/04/1992,14/05/1998,2205
708,JERSEY,B2915,0.0718,30/04/1992,31/12/1992,245
709,CHARD,MPP11,0.1299,06/05/1992,09/05/1992,3
710,LEEDS,94/172,0.1299,07/05/1992,03/04/2009,6175
712,PUBLIC,______,0.1,09/05/1992,13/01/1999,2440
713,RIO GRAND,B22328,0.1,09/05/1992,20/07/1995,1167
714,LEEDS,93/038,0.0718,15/05/1992,20/04/1993,340
717,JERSEY,B2947,0.0718,31/05/1992,12/04/1995,1046
718,ROTTERDAM,403428,0.0718,11/06/1992,27/10/1994,868
720,LEEDS,93/039,0.1,15/06/1992,14/01/2002,3500
721,JERSEY,B2967,0.1276,22/06/1992,25/07/1992,33
722,ALPHEN,3105,0.1276,02/07/1992,10/08/1999,2595
723,JERSEY,B2989,0.0791,12/07/1992,13/07/1992,1
725,PLAINE LI,______,0.0791,04/08/1992,12/11/1992,100
726,ANTWERP,12142,0.0547,09/08/1992,16/06/1994,676
727,JERSEY,B3070,0,11/08/1992,04/07/1993,327
729,PLAINE LI,______,0.1276,13/08/1992,12/11/1992,91
731,AVIORNIS,______,0.1675,15/08/1992,01/12/2000,3030
732,LOTHERTON,EX0032,0.1276,11/08/1992,08/06/1999,2492
733,CLERES,C99016,0.064,26/08/1992,09/05/2000,2813
734,AVIORNIS,______,0.064,27/08/1992,12/04/1997,1689
735,PLAINE LI,______,0.0791,27/08/1992,12/11/1992,77
736,JERSEY,B3013,0.064,04/09/1992,30/09/1992,26
737,EVANSVLLE,202002,0.064,18/09/1992,24/11/2007,5545
742,JERSEY,B3068,0,07/11/1992,20/01/1999,2265
745,JERSEY,B3037,0.1602,13/11/1992,27/11/1992,14
747,MEMPHIS,14352,0.064,25/11/1992,15/12/1999,2576
752,AVIORNIS,______,0.064,21/12/1992,01/12/2000,2902
753,JERSEY,B3069,0,24/12/1992,02/03/2007,5181
754,MAURITIUS,NONE,0,01/01/1976,22/10/1982,2486
755,HOUSTON,13005,0,08/11/1977,10/08/1995,6484
756,BROWNSVIL,4466,0,01/01/1979,01/02/1993,5145
757,HALL L,NONE,0,01/01/1979,26/06/1985,2368
758,RIO GRAND,20757,0,01/01/1979,08/06/1992,4907
759,RIO GRAND,20758,0,01/01/1979,21/08/1983,1693
760,HALL L,______,0,01/01/1979,26/06/1985,2368
761,RIO GRAND,20760,0,01/01/1979,01/04/1994,5569
762,HALL L,______,0,01/01/1979,26/06/1985,2368
763,HOUSTON,14596,0,01/01/1979,21/12/1993,5468
764,OMAHA,5468,0,11/10/1980,02/06/1990,3521
765,ST LOUIS,185058,0,27/08/1981,08/02/1990,3087
766,NY BRONX,822140,0,10/11/1981,30/11/1984,1116
767,OMAHA,5469,0,30/01/1982,18/08/1993,4218
768,NY BRONX,822502,0.0625,28/08/1982,30/08/1982,2
769,NY BRONX,822521,0.0625,20/09/1982,22/09/1982,2
770,NY BRONX,822587,0.0625,07/12/1982,07/12/1982,0
771,NY BRONX,822590,0.0625,17/12/1982,22/12/1982,5
772,NY BRONX,832010,0.0625,05/01/1983,30/01/1983,25
773,NY BRONX,832029,0.0625,02/03/1983,08/03/1983,6
774,NY BRONX,832054,0.0625,05/04/1983,08/04/1983,3
775,NY BRONX,832928,0.0625,23/06/1983,13/07/1983,20
776,NY BRONX,832332,0.0625,24/06/1983,03/07/1983,9
777,RIO GRAND,B21611,0.0625,14/07/1983,31/12/1989,2362
778,NY BRONX,832410,0.0625,14/07/1983,24/07/1983,10
779,NY BRONX,832465,0.0625,08/08/1983,08/08/1983,0
780,NY BRONX,832509,0.0625,01/09/1983,10/12/1985,831
781,NY BRONX,832534,0.0625,01/10/1983,01/10/1983,0
782,NY BRONX,832545,0.0625,09/10/1983,03/11/1983,25
783,NY BRONX,832546,0.0625,17/10/1983,20/10/1983,3
784,ST LOUIS,185059,0.0625,27/10/1983,31/10/1994,4022
785,NY BRONX,832559,0.0625,31/10/1983,06/11/1983,6
787,NY BRONX,832582,0.0625,19/12/1983,19/12/1983,0
788,NY BRONX,832584,0.0625,20/12/1983,23/12/1983,3
790,NY BRONX,842111,0.0625,07/04/1984,05/05/1984,28
794,NY BRONX,842139,0.0625,04/05/1984,04/05/1984,0
798,NY BRONX,842348,0.0313,31/05/1984,31/05/1984,0
806,KRAAIFONT,950282,0,29/03/1985,23/11/1995,3891
809,KRAAIFONT,950285,0,03/06/1985,05/10/1995,3776
810,ST LOUIS,186169,0.125,11/07/1985,27/10/1992,2665
811,NY BRONX,852253,0.1094,14/07/1985,18/07/1985,4
813,NY BRONX,852390,0.1094,16/09/1985,22/09/1986,371
814,NY BRONX,852401,0.1094,24/09/1985,27/09/1985,3
815,NY BRONX,852402,0.1094,03/10/1985,05/10/1985,2
817,NY BRONX,852426,0.1094,28/10/1985,01/11/1985,4
818,ST LOUIS,186168,0.2813,16/12/1985,29/08/1986,256
819,NY BRONX,852471,0.2813,17/12/1985,11/02/1993,2613
823,BROWNSVIL,5590,0.1094,06/04/1986,19/02/1996,3606
824,HOUSTON,6498,0.2109,17/06/1986,21/06/1986,4
826,JURONG,J39,0,11/10/1986,11/03/1987,151
827,NY BRONX,862547,0.1094,26/10/1986,28/10/1986,2
828,JURONG,J40,0,26/10/1986,18/11/1991,1849
829,JURONG,J41,0,27/10/1986,18/02/1989,845
831,NY BRONX,872161,0.1094,12/08/1987,22/09/1991,1502
832,JERSEY,B1796,0.1016,09/09/1987,12/11/1987,64
833,NY BRONX,872201,0.1094,30/09/1987,09/10/1987,9
835,KRAAIFONT,950281,0,20/10/1987,22/03/2000,4537
836,KRAAIFONT,950287,0,01/01/1988,06/06/1995,2713
837,NY BRONX,882044,0.1094,20/03/1988,23/03/1988,3
838,NY BRONX,882045,0.1094,21/03/1988,21/03/1988,0
839,KANSASCTY,202350,0.2109,21/03/1988,27/10/1990,950
840,LOWRY,203004,0.1094,13/07/1988,10/09/1997,3346
841,HOUSTON,10322,0.2109,28/07/1988,12/08/1988,15
842,HOUSTON,10455,0.2109,17/10/1988,17/10/1988,0
844,HOUSTON,10755,0.2109,20/11/1988,22/11/1988,2
845,NY BRONX,882339,0.1094,06/12/1988,08/12/1988,2
846,HOUSTON,10805,0.2109,06/12/1988,19/12/1988,13
847,HOUSTON,11124,0.2109,10/02/1989,11/02/1989,1
848,NY BRONX,892035,0.1094,16/02/1989,18/02/1989,2
849,NY BRONX,892041,0.1094,12/03/1989,15/03/1989,3
850,NY BRONX,892110,0,05/04/1989,09/04/1989,4
852,NY BRONX,892239,0.1094,22/06/1989,20/09/1989,90
855,ST LOUIS,189429,0.0781,24/12/1989,26/12/1989,2
856,ST LOUIS,190001,0.0781,02/01/1990,04/01/1990,2
857,PAIGNTON,1786,0.1914,02/06/1990,02/06/1990,0
860,CENTRALPK,946073,0.0879,14/10/1990,15/09/1995,1797
861,HOUSTON,12613,0.0879,15/10/1990,21/10/1990,6
862,HOUSTON,12643,0.0879,10/11/1990,04/08/1993,998
863,ST LOUIS,190419,0.1094,06/12/1990,20/12/1999,3301
864,HOUSTON,12701,0.0879,12/01/1991,15/01/1991,3
865,HOUSTON,12803,0.0879,07/04/1991,07/04/1991,0
866,OMAHA,6723,0.0879,26/04/1991,04/04/1996,1805
867,HOUSTON,12847,0.0879,27/04/1991,30/04/1991,3
868,HAYLE,S479,0.1392,06/05/1991,06/05/1991,0
869,LANDRY G,______,0.0879,01/06/1991,27/11/1991,179
870,EVANSVLLE,291059,0.0879,02/06/1991,23/08/1992,448
871,HAYLE,S490,0.1392,03/06/1991,04/06/1991,1
872,HOUSTON,12984,0.0879,24/06/1991,26/06/1991,2
873,HAYLE,S517,0.1392,28/10/1991,04/11/1991,7
874,TRACY AV,980075,0.0879,07/11/1991,25/11/2011,7323
875,SAN ANTON,930621,0.0879,12/12/1991,03/02/1994,784
876,HOUSTON,13352,0.0879,09/01/1992,11/01/1992,2
877,HOUSTON,13353,0.0879,10/01/1992,11/01/1992,1
878,AUDUBON,1825,0.0879,04/02/1992,26/02/1993,388
879,NY BRONX,922016,0.2578,20/03/1992,10/04/1992,21
880,HAYLE,S527,0.1392,26/04/1992,26/04/1992,0
881,RIO GRAND,B22196,0.0879,27/04/1992,18/09/1999,2700
882,HOUSTON,13607,0.0879,08/05/1992,09/05/1992,1
883,AKRON,100781,0.0879,19/05/1992,19/05/2018,9496
884,HOUSTON,13656,0.0879,20/05/1992,23/05/1992,3
886,NY BRONX,922105,0.2578,13/06/1992,15/06/1992,2
887,JERSEY,B2982,0.1,03/07/1992,04/07/1992,1
888,BLACKRIVE,482,0,12/07/1992,03/09/1993,418
889,JERSEY,B3854,0,11/08/1992,29/08/2002,3670
891,SAN ANTON,U03017,0.0879,27/10/1992,02/12/2006,5149
892,CENTRALPK,932048,0.0879,12/11/1992,04/08/1997,1726
893,HOUSTON,14108,0.0879,13/11/1992,30/03/1993,137
894,SEDGWICK,8162,0.0879,13/12/1992,12/06/2001,3103
897,JERSEY,B3041,0.064,24/12/1992,24/12/1992,0
898,JERSEY,B3043,0.064,01/01/1993,13/01/1993,12
899,BELFAST,2007,0,04/01/1993,20/11/1996,1416
900,JERSEY,B3067,0,22/01/1993,04/07/2002,3450
901,JERSEY,B3045,0.064,23/01/1993,31/01/1993,8
902,HOUSTON,14191,0.0879,29/01/1993,10/10/1993,254
903,JERSEY,B3066,0,10/02/1993,29/03/1993,47
904,DUBLIN,97B030,0.064,22/02/1993,28/06/1999,2317
906,NY BRONX,942041,0.064,29/03/1993,26/09/1999,2372
907,LOTHERTON,EX0007,0.064,06/04/1993,04/02/1997,1400
908,ROTTERDAM,403684,0.064,13/04/1993,31/10/1997,1662
909,JERSEY,B3085,0.1277,18/04/1993,19/04/1993,1
910,ANTWERP,12662A,0.1277,28/04/1993,11/11/2005,4580
911,CHESTER,940569,0.064,02/05/1993,27/10/2001,3100
912,JERSEY,B3090,0.0973,05/05/1993,06/05/1993,1
916,AVIORNIS,______,0.3062,13/06/1993,16/01/1997,1313
917,BURFORD,4101,0.1299,22/06/1993,21/08/1997,1521
918,BELFAST,996,0.064,24/06/1993,01/04/2001,2838
919,JERSEY,B3248,0.1277,29/06/1993,04/08/1993,36
920,JERSEY,B3214,0.1277,09/07/1993,12/08/1993,34
923,ALPHEN,6836,0.064,01/08/1993,01/08/2001,2922
926,JERSEY,B3251,0.064,05/08/1993,25/10/1993,81
927,JERSEY,B3280,0.0371,30/08/1993,24/10/1993,55
928,JERSEY,B3281,0.0973,07/09/1993,17/10/1993,40
929,JERSEY,B3855,0,16/09/1993,10/09/2003,3646
930,JERSEY,B3291,0.0718,21/11/1993,23/11/1993,2
932,JERSEY,B3301,0.0718,16/01/1994,17/01/1994,1
933,LEEDS,94/010,0.1025,25/01/1994,02/02/1994,8
934,JERSEY,B3856,0,26/01/1994,14/09/1997,1327
935,BLACKRIVE,______,0.0718,29/01/1994,09/04/1997,1166
936,LEEDS,94/234,0.1193,05/02/1994,28/09/1999,2061
937,DUBLIN,97B031,0.0718,06/02/1994,17/12/2009,5793
938,KRAAIFONT,950284,0,13/02/1994,22/03/2000,2229
939,LEEDS,94/021,0.1025,28/02/1994,01/03/1994,1
940,LEEDS,94/029,0.1025,25/03/1994,31/03/1994,6
941,BURFORD,4100,0.1025,25/03/1994,16/10/1997,1301
942,JERSEY,B3857,0,01/04/1994,05/04/1996,735
943,KRAAIFONT,950288,0,01/04/1994,22/03/2000,2182
944,AVIORNIS,______,0.0371,06/04/1994,01/09/2000,2340
946,PAIGNTON,3191,0.0718,08/06/1994,24/08/2004,3730
947,ROTTERDAM,403751,0.1782,09/06/1994,09/06/1994,0
950,PAULTONSP,______,0.1299,21/06/1994,28/04/1997,1042
951,ROTTERDAM,403844,0.1782,03/07/1994,23/08/1994,51
952,JERSEY,B4803,0.1782,03/07/1994,01/07/2003,3285
953,BRISTOL,6129,0.0718,04/07/1994,21/12/1999,1996
954,LEEDS,94/142,0.2169,05/07/1994,30/08/1994,56
955,ROTTERDAM,404477,0.0718,30/07/1994,30/06/2012,6545
956,PITTS CA,4840,0.0718,01/08/1994,28/11/2000,2311
957,LEEDS,94/180,0.2169,09/08/1994,10/08/1994,1
959,TILGATE,PP398,0.0718,11/08/1994,20/03/1998,1317
961,AVIORNIS,______,0.1194,28/08/1994,16/08/1996,719
962,AVIORNIS,______,0.1194,29/08/1994,23/09/1994,25
963,BURFORD,4131,0.0973,01/09/1994,22/07/2010,5803
964,LEEDS,94/210,0.2169,02/09/1994,12/09/1994,10
965,AVIORNIS,______,0.1194,13/09/1994,14/12/1996,823
966,BELFAST,1985,0.1194,14/09/1994,10/02/1998,1245
967,HAYLE,S792,0.0973,16/09/1994,27/05/2006,4271
968,JERSEY,B3492,0.0973,18/09/1994,09/05/1995,233
969,LOWRY,204807,0.1167,23/09/1994,07/03/2003,3087
970,HOUSTON,24436,0.0469,25/09/1994,22/08/2010,5810
971,SAN ANTON,951103,0.0469,27/09/1994,22/09/1999,1821
972,AVIORNIS,______,0.1194,27/09/1994,26/04/1997,942
973,AVIORNIS,______,0.1194,27/09/1994,08/12/1996,803
974,BELFAST,1986,0.1194,08/10/1994,12/04/1997,917
975,AVIORNIS,______,0.1194,08/10/1994,12/02/1996,492
976,LEEDS,94/212,0.2169,10/10/1994,17/10/1994,7
977,SANDIEGOZ,894307,0.1167,19/10/1994,22/10/1994,3
978,JERSEY,B3508,0.0973,27/11/1994,28/11/1994,1
980,SANDIEGOZ,895003,0.1167,24/01/1995,30/01/1995,6
982,BLACKRIVE,______,0.0692,27/01/1995,09/04/1997,803
983,SANDIEGOZ,895015,0.1167,06/02/1995,16/02/1995,10
984,JERSEY,B3532,0.0692,14/02/1995,25/02/1995,11
986,JERSEY,B3537,0.0692,07/03/1995,18/03/1995,11
987,JERSEY,B3540,0,16/03/1995,06/07/1995,112
988,JERSEY,B3551,0,18/03/1995,25/03/1995,7
989,JERSEY,B3557,0,28/03/1995,30/03/1995,2
990,JERSEY,B3558,0,30/03/1995,30/03/1995,0
991,JERSEY,B3659,0.0692,02/04/1995,19/12/1995,261
992,JERSEY,B3660,0,04/04/1995,20/04/1995,16
993,JERSEY,B3661,0,15/04/1995,27/04/1995,12
994,JERSEY,B3662,0,16/04/1995,28/04/1995,12
995,NY BRONX,952347,0.0156,20/04/1995,30/08/1999,1593
996,JERSEY,B3667,0,21/04/1995,07/08/1995,108
997,SANDIEGOZ,495047,0.1167,22/04/1995,29/04/1995,7
998,JERSEY,B3672,0,24/04/1995,30/04/1995,6
999,MEMPHIS,15600,0.0469,25/04/1995,05/03/1999,1410
1000,AVIORNIS,______,0.1194,07/05/1995,01/10/2000,1974
1001,BRISTOL,6130,0,08/05/1995,06/04/1997,699
1002,KOLN,B2464,0.1194,08/05/1995,26/05/2001,2210
1003,HOUSTON,15997,0.0156,09/05/1995,17/12/2008,4971
1004,JERSEY,B3717,0.0156,21/05/1995,01/06/1995,11
1005,CENTRALPK,952166,0.127,27/05/1995,23/03/1996,301
1006,JERSEY,B3706,0,28/05/1995,30/05/1995,2
1007,NY BRONX,952346,0.0469,31/05/1995,23/03/2002,2488
1008,AVIORNIS,______,0.1194,01/06/1995,26/06/1996,391
1009,JERSEY,B3808,0.0692,08/06/1995,26/08/2006,4097
1010,CHARD,1063,0.1299,19/06/1995,22/06/1995,3
1011,AVIORNIS,______,0.1194,02/07/1995,12/04/1997,650
1012,LEEDS,95/191,0.1455,05/07/1995,24/07/1995,19
1013,JERSEY,B3835,0,10/07/1995,07/10/1995,89
1014,AVIORNIS,______,0.1194,15/07/1995,12/04/1997,637
1015,AVIORNIS,______,0.1194,17/07/1995,12/04/1997,635
1016,SAN ANTON,970926,0,20/07/1995,05/11/2009,5222
1017,HOUSTON,17074,0,21/07/1995,02/08/1998,1108
1018,BLACKRIVE,______,0.0469,31/07/1995,09/04/1997,618
1019,JERSEY,B3862,0.0469,01/08/1995,03/08/1995,2
1020,ANTWERP,12461,0.1431,15/08/1995,21/10/1997,798
1021,BRISTOL,6250,0,20/08/1995,08/02/1999,1268
1022,JERSEY,B4872,0.1455,26/08/1995,04/07/2003,2869
1023,EVANSVLLE,296026,0.127,04/09/1995,14/02/2003,2720
1024,JERSEY,B3892,0.1309,05/10/1995,13/11/1995,39
1025,KOLN,B2193,0.1431,05/10/1995,24/09/2005,3642
1026,AVIORNIS,______,0.0999,20/10/1995,20/10/1995,0
1027,BRISTOL,6127,0,23/10/1995,17/05/2005,3494
1028,CHESTER,B99030,0,01/11/1995,08/08/1999,1376
1029,LOUISVILL,201163,0.1338,16/11/1995,05/12/2001,2211
1030,AVIORNIS,______,0.1309,21/11/1995,04/08/2002,2448
1031,NY BRONX,972296,0,27/11/1995,19/05/2002,2365
1032,BLACKRIVE,______,0.0692,29/11/1995,09/04/1997,497
1033,JERSEY,B3902,0,10/12/1995,11/12/1995,1
1034,DISNEY AK,60130,0.1167,22/12/1995,29/11/2006,3995
1035,MEMPHIS,15694,0.1526,01/01/1996,08/01/1996,7
1036,BRISTOL,6128,0,06/01/1996,02/02/2001,1854
1037,BLACKRIVE,______,0.0692,07/01/1996,09/04/1997,458
1038,JERSEY,B3905,0.0692,09/01/1996,19/01/1996,10
1039,JERSEY,B3906,0.0692,19/01/1996,28/01/1996,9
1040,JERSEY,B3907,0.0692,28/01/1996,16/02/1996,19
1041,JERSEY,B3908,0,14/02/1996,15/02/1996,1
1043,JERSEY,B3927,0,19/04/1996,23/05/1996,34
1044,JERSEY,B3928,0,24/04/1996,25/04/1996,1
1045,DISNEY AK,90641,0.0603,01/05/1996,15/02/2014,6499
1046,ST LOUIS,961038,0.0603,01/05/1996,03/10/2000,1616
1047,HOUSTON,26710,0,02/05/1996,19/06/2013,6257
1048,CHESTER,960086,0.2207,04/05/1996,04/05/1996,0
1049,CHESTER,970592,0,12/05/1996,23/07/2003,2628
1050,JERSEY,B3942,0,17/05/1996,01/06/1996,15
1051,PITTS CA,5529,0.0603,23/05/1996,20/11/2002,2372
1052,ST LOUIS,100909,0.0603,24/05/1996,10/01/2003,2422
1053,LISBON,6009,0.0754,29/05/1996,06/08/2001,1895
1055,JERSEY,B3966,0,03/06/1996,15/06/1996,12
1056,NY BRONX,962119,0.072,15/06/1996,17/06/1996,2
1057,JERSEY,B3984,0.125,17/06/1996,17/06/1996,0
1058,NY BRONX,972297,0,18/06/1996,17/05/2005,3255
1060,SEDGWICK,7782,0.0603,22/06/1996,12/05/1999,1054
1061,JERSEY,B3989,0.0469,23/06/1996,19/08/1997,422
1062,ROTTERDAM,404735,0.0754,23/06/1996,25/06/1996,2
1063,JERSEY,B3990,0.0469,24/06/1996,28/09/1999,1191
1064,NY BRONX,962129,0.072,28/06/1996,17/11/1996,142
1065,NY BRONX,962130,0.127,29/06/1996,30/06/1996,1
1066,PITTS CA,4669,0.072,06/07/1996,03/04/2004,2828
1067,SAN ANTON,961065,0.072,07/07/1996,07/09/2007,4079
1069,KOLN,B2963,0,15/07/1996,20/07/2000,1466
1070,SEDGWICK,7796,0.127,20/07/1996,25/03/1998,613
1071,PRAHA,260095,0.125,27/07/1996,27/12/2013,6362
1072,AVIORNIS,______,0.125,29/07/1996,29/07/1998,730
1073,LEEDS,96/167,0.1445,31/07/1996,15/08/1996,15
1074,ANTWERP,12615,0.1431,04/08/1996,23/06/1998,688
1075,JERSEY,B4047,0.125,12/08/1996,13/02/2001,1646
1076,JERSEY,B4048,0.125,15/08/1996,29/09/1997,410
1077,JERSEY,B4050,0,17/08/1996,10/02/2001,1638
1078,JERSEY,B4051,0.0469,18/08/1996,26/09/1996,39
1079,JERSEY,B4052,0.0469,19/08/1996,21/08/1996,2
1080,AVIORNIS,______,0.1296,23/08/1996,13/04/1998,598
1081,DUDLEY,1623,0.1445,24/08/1996,09/02/1998,534
1082,CHESTER,B99029,0.125,24/08/1996,08/02/2001,1629
1083,LEEDS,96/179,0.1445,27/08/1996,18/09/1996,22
1084,KOLN,B2465,0.1296,15/09/1996,04/03/1998,535
1085,JERSEY,B4069,0.125,06/10/1996,06/04/1997,182
1086,DALLAS,97C056,0.127,16/10/1996,07/07/2007,3916
1087,DISNEY AK,30453,0.127,28/10/1996,23/11/2003,2582
1088,HOUSTON,16616,0.1338,05/11/1996,06/11/1996,1
1089,JERSEY,B4075,0,05/02/1997,15/02/1997,10
1090,ROTTERDAM,405429,0,18/02/1997,15/04/2005,2978
1091,JERSEY,B4084,0,01/03/1997,25/09/2000,1304
1092,JERSEY,B4085,0.125,05/03/1997,22/03/1997,17
1093,PAIGNTON,3192,0,13/03/1997,14/05/2000,1158
1094,JERSEY,B4090,0,21/03/1997,25/03/1997,4
1095,JERSEY,B4091,0,21/03/1997,25/03/1997,4
1096,JERSEY,B4092,0,21/03/1997,23/03/1997,2
1097,JERSEY,B4094,0,27/03/1997,06/04/1997,10
1098,JERSEY,B4096,0,30/03/1997,30/03/1997,0
1099,MEMPHIS,16735,0.0603,30/03/1997,14/04/1997,15
1100,ANTWERP,12684,0.1431,03/04/1997,03/04/1997,0
1101,JERSEY,B4097,0.125,08/04/1997,10/04/1997,2
1102,AVIORNIS,______,0.1194,13/04/1997,13/04/1997,0
1103,AVIORNIS,______,0.1194,13/04/1997,01/12/2000,1328
1104,JERSEY,B4101,0.125,14/04/1997,09/06/1997,56
1105,JERSEY,B4102,0.125,16/04/1997,18/04/1997,2
1106,ROTTERDAM,405024,0.1249,18/04/1997,24/04/1997,6
1107,LISBON,6010,0.1249,19/04/1997,03/12/2001,1689
1108,AVIORNIS,______,0.1194,24/04/1997,24/04/1997,0
1109,HAYLE,S950,0,07/05/1997,27/02/2014,6140
1110,ANTWERP,12703,0.1431,07/05/1997,02/02/2007,3558
1111,JERSEY,B4116,0.125,10/05/1997,23/11/1997,197
1112,HAYLE,S951,0,12/05/1997,19/02/2003,2109
1113,AVIORNIS,______,0.1194,14/05/1997,14/05/1997,0
1114,AVIORNIS,______,0,17/05/1997,04/08/2002,1905
1115,AVIORNIS,______,0.1194,17/05/1997,25/10/2001,1622
1116,BURFORD,4132,0,19/05/1997,02/11/2002,1993
1117,JERSEY,B4121,0.125,20/05/1997,23/05/1997,3
1118,ANTWERP,13962B,0,28/05/1997,16/05/2011,5101
1119,TWYCROSS,3245,0,01/06/1997,23/04/2002,1787
1120,HAYLE,S952,0,01/06/1997,09/03/2003,2107
1121,AVIORNIS,______,0.1194,02/06/1997,02/06/1997,0
1122,JERSEY,B4144,0.125,03/06/1997,03/06/1997,0
1123,TILGATE,PP298,0,15/06/1997,13/07/1999,758
1124,AVIORNIS,______,0.1194,19/06/1997,19/06/1997,0
1125,LEEDS,97/106,0.1309,26/06/1997,28/06/1997,2
1126,AVIORNIS,______,0.1194,27/06/1997,01/03/2001,1343
1127,AVIORNIS,______,0.1194,29/06/1997,22/05/2000,1058
1128,JERSEY,B4192,0,02/07/1997,12/07/1997,10
1129,JERSEY,B4193,0.125,02/07/1997,27/07/1997,25
1130,AVIORNIS,______,0,04/07/1997,01/02/2001,1308
1131,LOWRY,203284,0.1338,04/07/1997,28/03/2000,998
1132,JERSEY,B4211,0,14/07/1997,16/07/1997,2
1133,AVIORNIS,______,0.1194,17/07/1997,04/08/2002,1844
1134,CLERES,C99293,0,19/07/1997,13/06/2000,1060
1135,AVIORNIS,______,0.1296,25/07/1997,28/11/2001,1587
1136,AVIORNIS,______,0,30/07/1997,03/08/1998,369
1137,AVIORNIS,______,0.1194,07/08/1997,04/08/2002,1823
1138,DUDLEY,1895,0,14/08/1997,09/05/2011,5016
1139,LEEDS,97/132,0.1445,20/08/1997,28/08/1997,8
1140,LEEDS,97/133,0.1445,20/08/1997,01/01/2006,3056
1141,JERSEY,B4225,0,26/08/1997,13/03/1999,564
1142,HAYLE,S953,0,27/08/1997,18/03/2002,1664
1143,KOLN,B2917,0,07/09/1997,07/01/2010,4505
1144,DUDLEY,1896,0,08/09/1997,01/06/2001,1362
1145,SAN ANTON,970924,0.1088,11/09/1997,13/09/1997,2
1146,ROTTERDAM,405428,0.0468,19/01/1998,21/01/1998,2
1147,BRISTOL,6348,0.0625,30/01/1998,03/02/1998,4
1148,SAN ANTON,980306,0,04/03/1998,27/06/1998,115
1149,LISBON,6706,0.1296,15/03/1998,24/10/1999,588
1150,AVIORNIS,98014,0.1296,18/03/1998,10/10/2000,937
1151,RODE,______,0.0822,19/03/1998,19/12/1998,275
1152,EL PASO,200498,0.0258,19/03/1998,31/07/2004,2326
1153,ANTWERP,13034,0.1296,01/04/1998,09/08/2004,2322
1154,TOLEDO,1295,0.0258,08/04/1998,28/02/2016,6535
1155,BOURTON,B1294,0,12/04/1998,12/03/2003,1795
1156,AVIORNIS,98J015,0.1296,14/04/1998,29/09/2000,899
1157,JERSEY,B4291,0,17/04/1998,15/09/1998,151
1158,AVIORNIS,98J001,0.0362,23/04/1998,25/10/2001,1281
1159,LISBON,6434,0,25/04/1998,30/03/2001,1070
1160,ROTTERDAM,405505,0.0468,26/04/1998,20/10/1999,542
1161,AVIORNIS,______,0.015,30/04/1998,04/08/2002,1557
1162,AVIORNIS,98J018,0.1296,01/05/1998,01/05/1998,0
1163,TWYCROSS,3244,0,03/05/1998,11/11/2005,2749
1164,BRISTOL,6422,0.0625,03/05/1998,05/05/1998,2
1165,LISBON,6435,0,07/05/1998,06/12/1998,213
1166,JERSEY,B4305,0,15/05/1998,01/12/2007,3487
1167,AVIORNIS,98J017,0.3386,16/05/1998,16/05/1998,0
1168,BRISTOL,6441,0.0625,21/05/1998,24/05/1998,3
1169,JERSEY,B4323,0,22/05/1998,24/09/2002,1586
1170,AVIORNIS,98J011,0.1296,22/05/1998,22/02/2001,1007
1171,ALPHEN,6902,0,24/05/1998,31/12/1999,586
1172,PUBLIC,______,0,30/05/1998,07/05/1999,342
1173,HOUSTON,17479,0.0352,30/05/1998,07/09/2002,1561
1174,JERSEY,B4338,0,01/06/1998,01/06/1998,0
1175,JERSEY,B4340,0,01/06/1998,01/06/1998,0
1176,AVIORNIS,98J003,0.0362,01/06/1998,01/06/1998,0
1177,BRISTOL,6454,0.0822,07/06/1998,08/06/1998,1
1178,AVIORNIS,______,0.015,10/06/1998,04/08/2002,1516
1179,BELFAST,3543,0.015,11/06/1998,01/07/1999,385
1180,RODE,______,0,16/06/1998,09/04/1999,297
1181,TILGATE,100009,0.0625,16/06/1998,25/04/1999,313
1182,ANTWERP,13962C,0.1194,20/06/1998,29/10/2011,4879
1183,BELFAST,3544,0.1194,24/06/1998,06/12/2001,1261
1184,BRISTOL,6605,0,24/06/1998,25/07/2001,1127
1185,CLERES,C99292,0.0362,24/06/1998,27/07/1999,398
1186,LEEDS,H1034,0,25/06/1998,19/06/2008,3647
1187,AVIORNIS,98J006,0.015,26/06/1998,26/06/1998,0
1188,CAMBRON,4503,0.015,27/06/1998,26/11/1999,517
1189,CAMBRON,4504,0.1426,29/06/1998,05/05/2000,676
1190,AVIORNIS,98J007,0.1205,05/07/1998,07/12/1998,155
1191,AVIORNIS,98J029,0.0362,14/07/1998,14/07/1998,0
1192,TILGATE,PP198,0,21/07/1998,08/11/2000,841
1193,AVIORNIS,98J023,0.1205,22/07/1998,22/12/1998,153
1194,PUBLIC,______,0,23/07/1998,07/05/1999,288
1195,TILGATE,PP199,0,28/07/1998,20/09/2001,1150
1196,AVIORNIS,98J024,0.1205,11/08/1998,11/08/1998,0
1197,BELFAST,3545,0.1296,16/08/1998,02/01/2000,504
1198,AVIORNIS,98J030,0.0362,16/08/1998,16/08/1998,0
1199,AVIORNIS,98J020,0.1296,18/08/1998,13/07/2000,695
1200,AVIORNIS,98J031,0.015,18/08/1998,01/03/2001,926
1201,LOUISVILL,201622,0.1412,18/08/1998,24/08/1998,6
1202,JERSEY,B4454,0,20/08/1998,22/08/1998,2
1204,AVIORNIS,98J032,0.015,08/09/1998,08/09/1998,0
1205,BOURTON,B1295,0,18/09/1998,12/01/2007,3038
1206,LEEDS,H1035,0,19/09/1998,03/01/2007,3028
1207,HOGLE,990107,0.1791,29/09/1998,09/09/1999,345
1208,AVIORNIS,98J033,0.015,01/10/1998,01/10/1998,0
1209,ROTTERDAM,405834,0.0468,02/10/1998,04/10/1998,2
1210,JERSEY,B4475,0,04/10/1998,23/12/2002,1541
1211,CHARD,Z101,0,01/01/1999,08/09/2007,3172
1212,CHARD,Z102,0,01/01/1999,29/01/2003,1489
1213,ROTTERDAM,405958,0.0468,31/01/1999,01/02/1999,1
1214,ROTTERDAM,405959,0.0468,31/01/1999,01/02/1999,1
1215,BRISTOL,6565,0.0625,09/02/1999,22/03/1999,41
1216,ROTTERDAM,405975,0.0468,02/03/1999,05/03/1999,3
1217,ROTTERDAM,405977,0.0468,03/03/1999,10/03/1999,7
1218,PLZEN,52044D,0.0325,03/04/1999,23/11/2010,4252
1219,ANTWERP,13962E,0.0325,05/04/1999,09/07/2005,2287
1220,CHESTER,B99044,0,13/04/1999,19/04/1999,6
1221,CHESTER,B99043,0,14/04/1999,15/07/1999,92
1222,AVIORNIS,410405,0.0667,23/04/1999,17/07/2000,451
1223,AVIORNIS,______,0.0325,26/04/1999,04/08/2002,1196
1224,CHESTER,B99085,0,07/05/1999,25/07/2002,1175
1225,JERSEY,B4509,0,08/05/1999,05/07/2017,6633
1226,CHESTER,B99095,0,09/05/1999,10/05/1999,1
1227,JERSEY,B4517,0,19/05/1999,20/05/1999,1
1228,CHESTER,B00397,0.0828,20/05/1999,12/03/2007,2853
1229,PRAHA,200150,0.0139,30/05/1999,06/03/2013,5029
1230,PAIGNTON,3842,0,30/05/1999,13/02/2005,2086
1231,JERSEY,B4545,0,06/06/1999,12/04/2001,676
1232,AVIORNIS,410408,0.0667,13/06/1999,29/05/2002,1081
1233,PAULTONSP,______,0.0334,14/06/1999,21/02/2005,2079
1234,JERSEY,B4603,0,25/06/1999,25/06/1999,0
1235,JERSEY,B4601,0.0625,04/07/1999,05/07/1999,1
1236,MEMPHIS,19143,0,06/07/1999,14/08/2002,1135
1237,PRAHA,200112,0,11/07/1999,26/08/2010,4064
1238,LEEDS,99/119,0.1309,21/07/1999,19/10/2001,821
1239,CHARD,Z873,0.0072,29/07/1999,01/01/2009,3444
1240,JERSEY,B4637,0.0072,30/07/1999,16/09/2008,3336
1241,JERSEY,B4638,0,31/07/1999,16/07/2001,716
1242,FRANKLINP,A03493,0.0405,03/08/1999,09/03/2005,2045
1243,SEDGWICK,9156,0.0405,03/08/1999,28/08/2004,1852
1244,ANTWERP,13109,0.1431,06/08/1999,22/08/1999,16
1245,MILWAUKEE,B3685,0.0405,12/08/1999,24/12/1999,134
1246,JERSEY,B4653,0,13/08/1999,31/08/2004,1845
1247,LOUISVILL,201847,0.0405,14/08/1999,16/04/2003,1341
1248,BRISTOL,7230,0.0072,16/08/1999,20/04/2002,978
1249,JERSEY,B4660,0.0625,22/08/1999,08/03/2001,564
1250,PRAHA,200113,0.0625,06/09/1999,30/01/2002,877
1251,ROTTERDAM,406233,0.0468,10/09/1999,17/09/1999,7
1252,ROTTERDAM,406725,0.0625,20/09/1999,14/08/2001,694
1253,CHESTER,B99347,0.0938,20/09/1999,20/09/1999,0
1254,KOLN,B3024,0.15,07/10/1999,09/10/1999,2
1255,KOLN,B3025,0.15,07/10/1999,09/10/1999,2
1256,PRAHA,200151,0.0139,22/10/1999,29/08/2018,6886
1257,ROTTERDAM,406340,0.0468,29/11/1999,01/12/1999,2
1258,ROTTERDAM,406341,0.0468,30/11/1999,01/12/1999,1
1259,AVIORNIS,______,0.0325,16/02/2000,04/08/2002,900
1260,LOUISVILL,201745,0.1412,04/03/2000,20/03/2003,1111
1261,LOUISVILL,201748,0.1412,05/03/2000,04/04/2000,30
1262,ANTWERP,13437,0.0325,10/03/2000,24/01/2007,2511
1263,DALLAS,03E835,0.0405,14/04/2000,08/08/2005,1942
1264,SD-WAP,800079,0.0405,15/04/2000,16/04/2000,1
1265,LEEDS,H1135,0.0938,19/04/2000,30/11/2001,590
1266,JERSEY,B4704,0.0625,19/05/2000,14/06/2000,26
1267,SD-WAP,814211,0,01/06/2000,13/03/2017,6129
1268,PLZEN,52043D,0.0468,15/06/2000,04/07/2005,1845
1269,CHESTER,CZ92,0.0468,15/06/2000,26/10/2002,863
1270,BRISTOL,7864,0.0334,24/06/2000,25/01/2003,945
1271,BURFORD,4731,0.0334,15/07/2000,15/07/2000,0
1272,MULHOUSE,O06052,0.1431,15/07/2000,01/01/2007,2361
1273,BRISTOL,7207,0.0625,25/07/2000,17/05/2005,1757
1274,LOUISVILL,201774,0.1412,23/08/2000,23/08/2000,0
1275,BRISTOL,7236,0.0625,26/08/2000,17/09/2001,387
1276,LOUISVILL,201775,0.1412,01/09/2000,01/09/2000,0
1277,JERSEY,B4861,0.0625,16/09/2000,19/09/2000,3
1278,JERSEY,B4862,0.0625,16/09/2000,25/10/2000,39
1279,AVIORNIS,______,0.118,21/09/2000,04/08/2002,682
1280,AVIORNIS,______,0.1115,21/09/2000,04/08/2002,682
1281,LOUISVILL,201785,0.1412,29/10/2000,01/11/2000,3
1282,BALLAUGH,B0044,0.0625,21/01/2001,11/01/2005,1451
1283,SD-WAP,801400,0.0508,21/01/2001,01/01/2006,1806
1285,MOODY,2275,0.0508,04/03/2001,21/11/2001,262
1286,LOUISVILL,202101,0.0508,20/05/2001,14/03/2014,4681
1287,AKRON,A22458,0.0444,20/05/2001,31/08/2003,833
1288,FRANKLINP,A02434,0.092,29/05/2001,14/05/2003,715
1289,FRANKLINP,A02435,0.1412,30/05/2001,09/02/2006,1716
1290,AVIORNIS,______,0.118,06/06/2001,04/08/2002,424
1291,AVIORNIS,______,0.118,07/06/2001,04/08/2002,423
1292,EL PASO,200309,0.0444,08/06/2001,09/04/2010,3227
1293,BRISTOL,7746,0.0359,09/06/2001,11/06/2001,2
1294,JERSEY,B4921,0.0166,18/06/2001,21/07/2001,33
1295,BRISTOL,7762,0.0359,20/06/2001,21/06/2001,1
1296,BRISTOL,7763,0.0359,21/06/2001,23/06/2001,2
1297,AVIORNIS,94582,0.1115,24/06/2001,09/07/2001,15
1298,AVIORNIS,______,0.118,25/06/2001,04/08/2002,405
1299,JERSEY,B5158,0.1664,02/07/2001,15/04/2006,1748
1300,AVIORNIS,94584,0.118,04/07/2001,20/02/2002,231
1301,BRISTOL,7776,0.0359,08/07/2001,11/02/2004,948
1302,MOODY,2409,0.092,21/07/2001,24/09/2004,1161
1303,PRAHA,210056,0.0156,31/07/2001,06/08/2001,6
1304,ROTTERDAM,407193,0.0468,05/08/2001,05/08/2001,0
1305,AVIORNIS,94586,0.118,08/08/2001,15/04/2002,250
1306,PRAHA,10186,0.0156,10/08/2001,02/05/2003,630
1307,PRAHA,210057,0.0156,10/08/2001,02/09/2001,23
1308,SD-WAP,801350,0.0405,15/08/2001,12/03/2003,574
1310,AVIORNIS,______,0.118,02/09/2001,04/08/2002,336
1311,AVIORNIS,______,0.0325,09/09/2001,04/08/2002,329
1313,MULHOUSE,O07005,0.0468,07/02/2002,12/10/2018,6091
1314,ANTWERP,13447,0.0672,11/02/2002,11/02/2002,0
1315,KOLN,B4740,0.0672,22/03/2002,07/02/2009,2514
1316,ANTWERP,13467,0.0672,03/04/2002,04/04/2002,1
1317,PITTS CA,6215,0.1382,15/04/2002,23/03/2003,342
1318,JERSEY,B5089,0.0163,20/04/2002,20/02/2005,1037
1320,SAN ANTON,Y02051,0.0444,09/05/2002,11/05/2002,2
1321,PLZEN,52041D,0.0156,10/05/2002,24/06/2009,2602
1322,ANTWERP,13495,0,15/05/2002,19/05/2002,4
1323,JERSEY,B5123,0.0163,03/06/2002,05/06/2002,2
1324,JERSEY,B5132,0.0625,16/06/2002,17/06/2002,1
1325,TRACY AV,1231,0.092,20/06/2002,20/06/2002,0
1327,TRACY AV,1234,0.092,23/06/2002,05/09/2002,74
1328,CHESTER,CZ326,0.1664,08/07/2002,09/07/2002,1
1329,CHESTER,CZ331,0.1664,09/07/2002,10/07/2002,1
1330,CHESTER,C06307,0.0711,11/07/2002,04/05/2007,1758
1331,CHESTER,CZ554,0.1664,12/09/2002,21/10/2002,39
1332,ANTWERP,13572,0.0672,16/09/2002,17/09/2002,1
1333,CHESTER,C06105,0.0156,12/04/2003,25/11/2006,1323
1334,PLZEN,52042D,0.1985,14/04/2003,29/04/2005,746
1335,JERSEY,B5206,0.0163,25/04/2003,31/05/2003,36
1336,KOLN,B4408,0.1985,03/05/2003,05/02/2010,2470
1337,BOURTON,B2239,0.0163,07/05/2003,13/01/2006,982
1338,MEMPHIS,21104,0.0411,05/06/2003,17/08/2003,73
1339,KOLN,B4409,0.1392,10/06/2003,05/09/2012,3375
1340,SD-WAP,804055,0.092,26/06/2003,07/08/2005,773
1341,TRACY AV,1330,0.092,26/06/2003,15/01/2004,203
1342,PRAHA,230100,0.1392,11/07/2003,12/07/2003,1
1343,JERSEY,B5310,0.0332,18/07/2003,24/08/2003,37
1344,EXMOOR,1321,0.0938,24/07/2003,31/08/2007,1499
1345,JERSEY,B5316,0.0938,25/07/2003,08/09/2006,1141
1346,AKRON,100081,0.116,01/08/2003,30/09/2003,60
1347,JERSEY,B5324,0.0332,12/08/2003,26/08/2003,14
1348,AKRON,100091,0.092,21/08/2003,14/08/2005,724
1349,CHARD,Z622,0.0748,28/08/2003,18/07/2005,690
1350,TRACY AV,1348,0.092,17/10/2003,20/10/2003,3
1352,HOUSTON,20945,0.1016,29/02/2004,29/02/2004,0
1353,EVANSVLLE,205005,0.1016,20/03/2004,29/05/2007,1165
1354,JERSEY,B5384,0.0748,28/03/2004,29/03/2004,1
1355,BURFORD,BB463,0.0748,28/03/2004,26/12/2012,3195
1356,SD-WAP,804321,0.0441,31/03/2004,04/06/2012,2987
1357,DISNEY AK,40475,0.0441,13/04/2004,13/09/2007,1248
1358,JERSEY,B5386,0.0748,17/04/2004,30/05/2004,43
1359,SAN ANTON,A04026,0.0441,22/04/2004,13/09/2004,144
1360,SAN ANTON,A04027,0.0441,22/04/2004,25/04/2004,3
1361,ST LOUIS,103482,0.0574,28/04/2004,05/05/2004,7
1362,SAN ANTON,Y04002,0.0441,01/05/2004,15/08/2004,106
1363,SD-WAP,804310,0.1016,11/05/2004,03/11/2008,1637
1364,SAN ANTON,Y04035,0.0441,13/05/2004,16/05/2004,3
1365,SAN ANTON,Y04036,0.0441,13/05/2004,17/05/2004,4
1366,SAN ANTON,Y04064,0.0441,21/05/2004,22/03/2005,305
1367,ST LOUIS,103495,0.0574,29/05/2004,29/05/2004,0
1368,DISNEY AK,40469,0.1016,04/06/2004,19/07/2009,1871
1369,HOUSTON,21136,0.1016,04/06/2004,31/08/2005,453
1370,SAN ANTON,D05052,0.092,04/06/2004,23/09/2007,1206
1371,JERSEY,B5438,0.0625,07/06/2004,02/07/2004,25
1372,SAN ANTON,U04039,0.0441,22/06/2004,24/08/2004,63
1373,JERSEY,B5475,0.0625,29/06/2004,21/06/2005,357
1374,JERSEY,B5476,0.0156,30/06/2004,09/07/2004,9
1375,TRACY AV,1426,0.092,12/07/2004,21/07/2004,9
1376,AKRON,100365,0.0829,19/07/2004,10/11/2006,844
1377,CHESTER,C06104,0.1392,30/07/2004,13/08/2007,1109
1378,SD-WAP,804235,0.0829,07/08/2004,02/12/2011,2673
1380,MOODY,6363,0.1016,17/09/2004,02/02/2012,2694
1381,NY BRONX,B15239,0.1016,17/09/2004,18/01/2018,4871
1382,AKRON,100176,0.0648,19/09/2004,19/09/2004,0
1383,SAN ANTON,J05021,0.0441,25/01/2005,05/02/2005,11
1384,SAN ANTON,M05011,0.0441,16/03/2005,19/03/2005,3
1385,SAN ANTON,M05012,0.0441,16/03/2005,21/03/2005,5
1386,SAN ANTON,A05003,0.0441,04/04/2005,07/04/2005,3
1387,SAN ANTON,N10014,0.0389,05/04/2005,23/11/2010,2058
1389,AKRON,100254,0.0648,19/05/2005,20/05/2005,1
1390,NY BRONX,B06045,0.0648,06/06/2005,17/10/2014,3420
1391,MEMPHIS,21763,0.0411,23/06/2005,18/07/2005,25
1393,AKRON,100267,0.0648,29/06/2005,07/07/2005,8
1394,BRISTOL,9437,0.0793,31/07/2005,10/09/2011,2232
1395,JERSEY,B5681,0.0793,02/08/2005,14/08/2005,12
1397,AKRON,100288,0.0648,21/08/2005,24/08/2005,3
1399,DISNEY AK,50300,0.2999,17/09/2005,25/11/2006,434
1400,JERSEY,B5720,0.0793,25/09/2005,22/08/2008,1062
1401,BRISTOL,9466,0.1068,14/11/2005,29/11/2010,1841
1402,WILDPLACE,W1454,0.1068,14/11/2005,05/01/2017,4070
1403,JERSEY,B5739,0.0166,21/01/2006,07/06/2009,1233
1404,SD-WAP,806033,0.0389,22/03/2006,24/03/2006,2
1405,SD-WAP,806041,0.0389,18/04/2006,20/04/2006,2
1406,FRESNO,270348,0.0816,24/05/2006,06/07/2009,1139
1407,SD-WAP,806093,0.0389,27/05/2006,18/06/2007,387
1408,BALLAUGH,B0313,0.0781,04/06/2006,01/11/2007,515
1409,SD-WAP,806145,0.0389,12/06/2006,04/08/2006,53
1410,LOUISVILL,202204,0.0816,12/07/2006,19/07/2006,7
1411,TRACY AV,1563,0.092,12/07/2006,22/07/2006,10
1413,LOWRY,206155,0.092,09/08/2006,18/09/2015,3327
1414,TRACY AV,1581,0.092,17/09/2006,17/09/2006,0
1415,TRACY AV,1586,0.092,21/09/2006,25/09/2006,4
1417,TOLEDO,4957,0.0862,22/04/2007,24/04/2007,2
1418,EL PASO,201051,0.0389,01/05/2007,09/07/2012,1896
1419,MULHOUSE,O07042,0.064,16/05/2007,20/08/2007,96
1420,SAN ANTON,Y07074,0.0441,19/05/2007,19/05/2007,0
1421,ARNHEM,614595,0.064,31/05/2007,15/05/2008,350
1422,SAN ANTON,U07005,0.0441,02/06/2007,07/06/2007,5
1423,PLZEN,52045,0.0485,12/06/2007,04/09/2013,2276
1424,TOLEDO,5133,0.0862,12/06/2007,12/06/2007,0
1425,SAN ANTON,U07027,0.0441,15/06/2007,28/06/2009,744
1426,TRACY AV,1642,0.092,19/06/2007,22/06/2007,3
1427,JERSEY,B6022,0.1577,23/06/2007,14/01/2008,205
1428,SD-WAP,807165,0.1859,26/06/2007,28/06/2007,2
1429,TRACY AV,1648,0.092,16/07/2007,16/07/2007,0
1430,PLZEN,52046,0.0485,17/07/2007,18/07/2007,1
1432,FRESNO,280340,0.0389,20/07/2007,27/04/2011,1377
1433,SEDGWICK,12883,0.0389,20/07/2007,17/10/2010,1185
1434,FARNHAM,5577,0.0485,29/07/2007,13/11/2010,1203
1435,PLZEN,52049,0.0485,31/07/2007,11/05/2014,2476
1436,ARNHEM,614406,0.0485,15/08/2007,01/12/2012,1935
1437,BRISTOL,10459,0.0454,24/08/2007,07/05/2010,987
1438,MULHOUSE,O07108,0.064,30/08/2007,03/09/2007,4
1439,HOUSTON,24607,0.092,30/08/2007,30/08/2012,1827
1442,JERSEY,B7575,0.0441,11/02/2008,14/09/2018,3868
1443,KOLN,B5536,0.0312,19/02/2008,28/02/2008,9
1444,KOLN,B5581,0.0312,03/03/2008,12/03/2008,9
1445,PLZEN,520416,0.0454,05/03/2008,08/07/2013,1951
1447,SD-WAP,808076,0.0389,26/04/2008,16/05/2008,20
1448,DISNEY AK,80156,0.144,06/05/2008,07/05/2008,1
1449,PLZEN,520411,0.0485,09/05/2008,14/05/2008,5
1450,BURFORD,BB995,0.0454,14/05/2008,21/05/2009,372
1451,CHESTER,C14449,0.064,21/05/2008,06/05/2016,2907
1452,PRAHA,280211,0.0701,14/06/2008,18/06/2008,4
1453,FARNHAM,7465,0.0454,15/06/2008,08/12/2015,2732
1455,SAN ANTON,A09019,0.0389,16/06/2008,06/01/2010,569
1457,FARNHAM,5615,0.064,21/06/2008,06/07/2012,1476
1458,MULHOUSE,O08084,0.064,03/07/2008,13/02/2009,225
1459,SAN ANTON,A09048,0.0877,05/07/2008,31/07/2012,1487
1460,ANTWERP,14592,0.015,06/07/2008,08/07/2008,2
1463,PRAHA,280320,0.0701,30/07/2008,01/08/2008,2
1465,SCOTTSBLU,1494,0.092,22/08/2008,01/06/2009,283
1466,TRACY AV,1756,0.092,22/08/2008,01/09/2008,10
1467,ANTWERP,14621,0.015,25/08/2008,15/09/2010,751
1468,BURFORD,BB1139,0.0454,26/08/2008,25/04/2009,242
1469,ATTICAZOO,BCOL02,0.0454,28/08/2008,30/06/2010,671
1470,LOWRY,206156,0.1859,04/09/2008,29/08/2012,1455
1471,BRISTOL,132629,0.1859,06/09/2008,10/01/2017,3048
1472,NY BRONX,B08185,0.094,08/09/2008,19/12/2008,102
1473,MULHOUSE,O08131,0.064,17/09/2008,20/02/2009,156
1474,MULHOUSE,O08133,0.064,19/09/2008,24/03/2009,186
1475,ATTICAZOO,BCOL01,0.064,26/09/2008,08/07/2010,650
1476,MULHOUSE,O08135,0.064,27/09/2008,19/01/2009,114
1477,SEDGWICK,12686,0.094,30/09/2008,20/10/2012,1481
1478,NY BRONX,B08198,0.094,01/10/2008,01/10/2008,0
1479,BURFORD,BB1190,0.0454,09/10/2008,17/10/2008,8
1480,DISNEY AK,80538,0.144,10/10/2008,17/10/2008,7
1482,PLZEN,520412,0.0485,08/11/2008,22/11/2008,14
1483,PLZEN,520413,0.0485,06/04/2009,08/04/2009,2
1484,PLZEN,520414,0.0485,14/04/2009,09/07/2010,451
1485,PLZEN,520417,0.0454,16/04/2009,19/10/2012,1282
1486,SD-WAP,814210,0.094,04/05/2009,22/10/2014,1997
1488,FRESNO,290082,0.1282,10/05/2009,11/05/2009,1
1489,NY BRONX,B09030,0.094,10/05/2009,10/05/2009,0
1490,FRESNO,NONE,0.1282,11/05/2009,11/05/2009,0
1491,MULHOUSE,O09064,0.064,17/05/2009,15/07/2009,59
1492,PLZEN,520415,0.0485,25/05/2009,28/05/2009,3
1493,FARNHAM,6438,0.064,02/06/2009,17/09/2016,2664
1494,MULHOUSE,O09099,0.064,11/06/2009,10/07/2009,29
1495,FRESNO,290120,0.1282,15/06/2009,08/07/2009,23
1497,BURFORD,BB1435,0.0454,18/08/2009,08/10/2012,1147
1498,BURFORD,BB1449,0.0454,30/08/2009,13/09/2009,14
1499,HAYLE,S2392,0.0823,16/05/2010,28/05/2010,12
1500,EL PASO,201212,0.094,02/06/2010,23/07/2012,782
1501,PLZEN,520418,0.1094,09/06/2010,09/06/2010,0
1502,PLZEN,520419,0.1094,21/06/2010,21/06/2010,0
1503,PLZEN,520420,0.1094,22/06/2010,25/06/2010,3
1504,PLZEN,520421,0.1094,13/07/2010,14/07/2010,1
1506,NY BRONX,B10153,0.094,29/07/2010,01/08/2010,3
1507,PLZEN,520423,0.1094,01/08/2010,03/08/2010,2
1508,PLZEN,520424,0.1094,02/08/2010,04/08/2010,2
1509,HOUSTON,26573,0.1013,10/08/2010,03/10/2012,785
1510,DISNEY AK,100490,0.1013,12/08/2010,17/08/2010,5
1511,PLZEN,520426,0.1094,19/08/2010,31/08/2010,12
1512,PLZEN,520425,0.1094,19/08/2010,19/08/2010,0
1514,DALLAS,11L241,0.0785,25/08/2010,22/09/2013,1124
1515,EL PASO,______,0.094,12/09/2010,23/07/2012,680
1516,PLZEN,520427,0.1094,12/09/2010,04/10/2010,22
1517,PLZEN,520428,0.1094,08/10/2010,08/10/2010,0
1518,PLZEN,520429,0.1094,08/10/2010,08/10/2010,0
1519,DISNEY AK,110784,0.1721,23/10/2010,04/12/2012,773
1520,PLZEN,520430,0.1094,27/10/2010,28/10/2010,1
1521,JERSEY,B6878,0.3487,04/11/2010,04/11/2010,0
1522,METROZOO,11B403,0.1228,01/04/2011,25/08/2017,2338
1523,PLZEN,520431,0.0744,12/04/2011,27/07/2012,472
1524,PLZEN,520434,0.0744,12/04/2011,01/05/2011,19
1526,BURFORD,BB2721,0.0744,07/05/2011,19/11/2014,1292
1527,METROZOO,14B172,0.1721,08/05/2011,16/05/2014,1104
1530,PLZEN,520435,0.0744,09/05/2011,12/05/2011,3
1531,JERSEY,B6900,0.3487,01/06/2011,07/06/2011,6
1532,PRAHA,110175,0.1392,05/06/2011,05/06/2011,0
1533,JERSEY,B7191,0.0744,17/06/2011,15/11/2012,517
1535,PLZEN,520439,0.0744,09/07/2011,08/05/2012,304
1537,PLZEN,520440,0.0744,29/07/2011,02/08/2011,4
1538,PLZEN,520441,0.0744,30/07/2011,01/08/2011,2
1539,PRAHA,110528,0.0744,12/08/2011,22/12/2012,498
1540,JERSEY,B7193,0.0744,13/08/2011,30/01/2013,536
1541,JERSEY,B6954,0.082,18/08/2011,16/07/2013,698
1542,PRAHA,110529,0.0744,22/08/2011,06/09/2014,1111
1543,PLZEN,520445,0.0744,23/08/2011,22/06/2013,669
1544,JERSEY,B6969,0.082,30/08/2011,11/09/2011,12
1545,JERSEY,B7190,0.0744,04/09/2011,29/01/2013,513
1546,JERSEY,B6970,0.3487,11/09/2011,17/09/2011,6
1547,FARNHAM,B6186,0.0624,16/09/2011,16/09/2011,0
1548,PLZEN,520447,0.0744,25/09/2011,08/02/2017,1963
1549,JERSEY,B6980,0.3487,04/10/2011,07/10/2011,3
1550,JERSEY,B7192,0.0744,15/10/2011,04/02/2013,478
1551,BASEL,122701,0.0744,16/10/2011,28/06/2013,621
1553,SAN ANTON,Y12055,0.0736,20/05/2012,21/06/2012,32
1555,PLZEN,520452,0.0744,06/06/2012,21/07/2013,410
1556,JERSEY,B7048,0.3487,14/06/2012,30/06/2012,16
1557,PLZEN,520453,0.0744,27/06/2012,27/06/2012,0
1558,BURFORD,BB2410,0.1903,04/07/2012,05/10/2015,1188
1559,JERSEY,B7255,0.1903,06/07/2012,26/03/2015,993
1560,PLZEN,520454,0.0744,07/07/2012,21/10/2015,1201
1561,PLZEN,520455,0.0744,17/07/2012,17/07/2012,0
1562,PLZEN,520456,0.0744,31/07/2012,25/12/2015,1242
1563,PLZEN,520457,0.0744,02/08/2012,22/11/2016,1573
1564,PLZEN,520458,0.0744,09/08/2012,11/08/2012,2
1565,PLZEN,520459,0.0744,10/08/2012,01/10/2015,1147
1566,PLZEN,520460,0.1808,25/08/2012,21/02/2017,1641
1567,JERSEY,B7194,0.3487,19/10/2012,19/10/2012,0
1568,SD-WAP,812284,0.1228,25/11/2012,26/11/2014,731
1569,DES MOINE,2513,0.1721,12/12/2012,18/12/2012,6
1570,PLZEN,520461,0.1808,28/12/2012,16/01/2018,1845
1571,DES MOINE,2521,0.1721,02/02/2013,10/12/2013,311
1572,ARNHEM,617391,0.0744,25/05/2012,04/09/2013,467
1573,JERSEY,B7573,0.1721,09/06/2013,25/02/2016,991
1574,JERSEY,B7218,0.3487,10/05/2013,29/12/2015,963
1576,DES MOINE,2392,0.1721,12/01/2012,27/01/2012,15
1577,DES MOINE,2500,0.1721,21/10/2012,28/10/2012,7
1578,SAN ANTON,A13007,0.0736,12/04/2013,16/04/2013,4
1579,SAN ANTON,M13038,0.0736,25/03/2013,09/04/2013,15
1580,SAN ANTON,Y13041,0.0736,14/05/2013,14/05/2013,0
1581,SD-WAP,813022,0,19/02/2013,11/04/2013,51
1582,NY BRONX,B16106,0.1228,23/01/2013,26/06/2016,1250
1583,SD-WAP,811074,0,24/04/2011,01/05/2011,7
1584,TRACY AV,2426,0.1228,05/03/2011,23/01/2012,324
1585,SD-WAP,811011,0,08/02/2011,08/03/2011,28
1586,PRAHA,NONE,0.1392,13/05/2013,14/05/2013,1
1587,PRAHA,NONE,0.1392,23/05/2013,25/05/2013,2
1590,JERSEY,B7420,0.0654,07/05/2014,07/05/2014,0
1591,JERSEY,B7450,0.3487,15/06/2014,11/07/2014,26
1593,JERSEY,B7462,0.3487,30/06/2014,21/06/2018,1452
1594,SD-WAP,814001,0.1228,01/08/2014,02/11/2014,93
1595,JERSEY,B7525,0.0654,05/10/2014,23/09/2015,353
1597,PLZEN,520462,0.2399,06/07/2014,10/07/2014,4
1598,PLZEN,520463,0.2399,01/08/2014,12/03/2017,954
1599,PLZEN,520464,0.2399,13/09/2014,02/09/2015,354
1600,PLZEN,520465,0.2399,13/09/2014,11/12/2015,454
1601,CHESTER,C1645,0.0744,25/05/2015,06/07/2017,773
1602,BURFORD,BB3085,0.0744,24/07/2015,14/06/2017,691
1603,CHESTER,C1646,0.0744,25/07/2015,11/08/2016,383
1607,BURFORD,BB3029,0.0744,04/06/2015,20/07/2015,46
1608,FARNHAM,7929,0.0624,14/09/2015,28/09/2015,14
1609,JERSEY,B7719,0.0752,25/11/2015,27/11/2015,2
1616,SD-WAP,816154,0.1228,30/06/2016,02/07/2016,2
1617,JERSEY,B7804,0.0752,18/07/2016,04/09/2017,413
1621,JERSEY,B7819,0.0804,29/07/2016,24/08/2016,26
1623,NY BRONX,B16067,0.0632,12/05/2016,13/05/2016,1
1628,BRISTOL,132468,0.0833,22/10/2016,29/10/2016,7
1629,BRISTOL,132468,0.0833,22/10/2016,29/10/2016,7
1710,FARNHAM,8511,0.1843,19/05/2017,25/05/2017,6
1711,FARNHAM,8512,0.1843,21/05/2017,26/05/2017,5
1712,FARNHAM,8556,0.1843,25/06/2017,28/06/2017,3
1713,FARNHAM,8595,0.1843,25/06/2017,25/07/2017,30
1714,FARNHAM,8612,0.1843,08/08/2017,08/08/2017,0
1715,FARNHAM,8615,0.1843,16/08/2017,18/08/2017,2
1716,FARNHAM,8631,0.1843,25/08/2017,04/09/2017,10
1718,WILDPLACE,W1710,0.0815,27/07/2017,31/08/2018,400
1722,BRISTOL,132878,0.0815,19/07/2017,21/07/2017,2
1725,BURFORD,BB3405,0.0721,22/07/2017,28/03/2018,249
1732,JERSEY,B7900,0.2038,05/07/2017,05/07/2017,0
1733,JERSEY,B7908,0.0685,14/07/2017,15/07/2017,1
1740,JERSEY,B7954,0.2038,19/10/2017,21/10/2017,2
1742,JERSEY,B7954,0.2038,19/10/2017,20/10/2017,1
1743,JERSEY,B7958,0.0752,30/12/2017,02/01/2018,3
1744,BURFORD,BB3408,0.0721,23/07/2017,29/08/2017,37
1745,SD-WAP,817250,0.1228,18/07/2017,23/07/2017,5
1804,BRISTOL,133487,0.0815,17/06/2018,17/06/2018,0
1808,JERSEY,B8032,0.0752,09/07/2018,11/07/2018,2
1809,JERSEY,B8033,0.0752,14/07/2018,17/07/2018,3
1812,JERSEY,B8050,0.0752,31/07/2018,03/08/2018,3
1816,JERSEY,B8058,0.1808,10/08/2018,12/08/2018,2
1817,MULHOUSE,O18137,0.0493,27/07/2018,29/07/2018,2
1819,MULHOUSE,O18144,0.0493,21/08/2018,25/08/2018,4
1822,FARNHAM,9020,0.1843,20/03/2018,21/03/2018,1
1828,FARNHAM,9238,0.1843,05/08/2018,05/08/2018,0
1829,FARNHAM,9246,0.0709,22/08/2018,31/08/2018,9
1830,FARNHAM,9247,0.1843,20/08/2018,21/08/2018,1
1831,FARNHAM,9253,0.1843,26/08/2018,26/08/2018,0
1832,FARNHAM,9255,0.1843,02/09/2018,02/09/2018,0
1834,NY BRONX,B18005,0.1999,28/01/2018,29/01/2018,1
1835,NY BRONX,B18010,0.1999,15/02/2018,19/02/2018,4
1837,NY BRONX,B18022,0.0648,05/03/2018,05/03/2018,0
1838,NY BRONX,B18121,0.1392,16/06/2018,22/06/2018,6
1841,JERSEY,B8080,0.0752,21/09/2018,24/09/2018,3
1843,JERSEY,B8082,0.2038,24/09/2018,19/11/2018,56
1844,BRISTOL,133613,0.0721,01/09/2018,04/09/2018,3
1845,JERSEY,B8090,0.2736,16/10/2018,19/11/2018,34
1846,BRISTOL,133670,0.0721,20/10/2018,29/10/2018,9
1849,JERSEY,B8084,0.0685,08/10/2018,15/10/2018,7
1850,FARNHAM,9260,0.0709,02/09/2018,02/09/2018,0
1852,FARNHAM,9272,0.1843,21/09/2018,24/09/2018,3
1854,FARNHAM,9279,0.0709,05/10/2018,22/10/2018,17
1855,FARNHAM,9289,0.0709,14/10/2018,21/10/2018,7
1856,BRISTOL,133700,0.0721,04/11/2018,11/11/2018,7
